{
  "project_info": {
    "project_number": "847996622676",
    "firebase_url": "https://testedb-f72dc-default-rtdb.asia-southeast1.firebasedatabase.app",
    "project_id": "testedb-f72dc",
    "storage_bucket": "testedb-f72dc.appspot.com"
  },
  "client": [
    {
      "client_info": {
        "mobilesdk_app_id": "1:847996622676:android:5d778af313da5db38e1ac1",
        "android_client_info": {
          "package_name": "com.example.raul"
        }
      },
      "oauth_client": [
        {
          "client_id": "847996622676-buquit6af1itb0fbjga4312or8sqj52i.apps.googleusercontent.com",
          "client_type": 3
        }
      ],
      "api_key": [
        {
          "current_key": "AIzaSyByJ1r9aKBEz09PgG3ksCM6KlcqWKWDgXk"
        }
      ],
      "services": {
        "appinvite_service": {
          "other_platform_oauth_client": [
            {
              "client_id": "847996622676-buquit6af1itb0fbjga4312or8sqj52i.apps.googleusercontent.com",
              "client_type": 3
            }
          ]
        }
      }
    }
  ],
  "configuration_version": "1"
}